{"cameraMode":{"drawMode":0,"name":"Shaded","section":"Shading Mode"},"sceneLighting":true,"audioPlay":false,"sceneViewState":{"showFog":true,"showMaterialUpdate":false,"showSkybox":true,"showFlares":true,"showImageEffects":true,"showParticleSystems":true},"in2DMode":false,"pivot":{"x":763.5106811523438,"y":66.86878967285156,"z":390.7705078125},"rotation":{"x":-0.10823660343885422,"y":0.8840726017951965,"z":-0.25356659293174746,"w":-0.3774498403072357},"size":291.8936462402344,"orthographic":false}