{"cameraMode":{"drawMode":0,"name":"Shaded","section":"Shading Mode"},"sceneLighting":false,"audioPlay":false,"sceneViewState":{"showFog":true,"showMaterialUpdate":false,"showSkybox":false,"showFlares":true,"showImageEffects":true,"showParticleSystems":true},"in2DMode":false,"pivot":{"x":7.239777565002441,"y":-3.3628177642822267,"z":-1.6260986328125},"rotation":{"x":0.3051519989967346,"y":0.28597038984298708,"z":-0.09662053734064102,"w":0.9032201170921326},"size":36.68811798095703,"orthographic":false}