{"cameraMode":{"drawMode":0,"name":"Shaded","section":"Shading Mode"},"sceneLighting":false,"audioPlay":false,"sceneViewState":{"showFog":true,"showMaterialUpdate":false,"showSkybox":false,"showFlares":true,"showImageEffects":true,"showParticleSystems":true},"in2DMode":false,"pivot":{"x":1.6485874652862549,"y":11.402637481689454,"z":-15.629079818725586},"rotation":{"x":-0.002695083152502775,"y":0.9667941927909851,"z":-0.25543949007987978,"w":-0.010164343751966954},"size":22.0,"orthographic":false}