{"cameraMode":{"drawMode":0,"name":"Shaded","section":"Shading Mode"},"sceneLighting":false,"audioPlay":false,"sceneViewState":{"showFog":true,"showMaterialUpdate":false,"showSkybox":false,"showFlares":true,"showImageEffects":true,"showParticleSystems":true},"in2DMode":false,"pivot":{"x":4.568370819091797,"y":12.750781059265137,"z":1.33636474609375},"rotation":{"x":0.022161995992064477,"y":-0.9544695615768433,"z":0.07346689701080322,"w":0.2883893549442291},"size":254.96102905273438,"orthographic":false}