{"cameraMode":{"drawMode":0,"name":"Shaded","section":"Shading Mode"},"sceneLighting":false,"audioPlay":false,"sceneViewState":{"showFog":true,"showMaterialUpdate":false,"showSkybox":false,"showFlares":true,"showImageEffects":true,"showParticleSystems":true},"in2DMode":false,"pivot":{"x":-0.6554393768310547,"y":10.073761940002442,"z":0.6971950531005859},"rotation":{"x":-0.16414646804332734,"y":0.5677713751792908,"z":-0.11674288660287857,"w":-0.7981925010681152},"size":37.292537689208987,"orthographic":false}